{"18": {"20": 1.2200000000000024, "21": 1.3665217391304352, "22": 1.2776470588235296, "23": 1.297777777777778, "24": 1.3646666666666667, "25": 1.4000000000000008, "26": 1.4800000000000022, "27": 1.4088888888888902, "28": 1.5627586206896569, "29": 1.616923076923078, "30": 1.7420000000000002, "31": 1.764444444444445, "32": 1.8608333333333344, "33": 1.8844999999999994, "34": 1.9110000000000025, "35": 1.9319047619047638, "36": 1.9499999999999988, "37": 2.039285714285714, "38": 2.143076923076921, "39": 2.130625000000001, "40": 2.221538461538461, "41": 2.1765217391304343, "42": 2.265862068965518, "43": 2.2906666666666675, "44": 2.504545454545455, "45": -35.71384615384617, "46": 2.2827272727272723, "47": 2.3250000000000024, "48": 2.5250000000000012, "49": 2.5290909090909124, "50": 2.325000000000002, "51": 2.519473684210528, "52": 2.634285714285717, "53": 2.5200000000000005, "54": 2.450000000000002, "55": 2.6153333333333335, "56": 2.5393333333333343, "57": 2.6254545454545477, "58": 2.613157894736842, "59": 2.4542857142857155, "60": 2.615294117647061, "61": 2.5075000000000007, "62": 2.5795652173913055, "63": 2.5928571428571447, "64": 2.523157894736842, "65": 2.575, "66": 2.6112500000000014, "67": 2.8105555555555566, "68": 2.7673333333333363, "69": 3.1074999999999995, "70": 3.116842105263158, "71": 3.272800000000002, "72": 3.1337499999999983, "73": 3.273333333333334, "74": 3.222307692307692, "75": 3.273157894736843, "76": 3.3507142857142864, "77": 3.979999999999999, "78": 3.4193750000000023, "79": 3.447142857142859, "80": 3.6800000000000015, "81": 3.2964285714285735, "82": 3.676153846153846, "83": 4.190000000000003, "84": 3.310000000000001}, "24": {"19": 0.5060000000000014, "21": 0.8320000000000013, "24": 1.2022222222222227, "25": 1.2299999999999989, "26": 1.3900000000000003, "27": 1.1775000000000007, "28": 1.3000000000000003, "29": 1.1877777777777785, "30": 1.004000000000001, "31": 1.0380000000000003, "32": 1.3787500000000008, "33": 1.2871428571428578, "34": 1.427272727272728, "35": 1.5380000000000003, "36": 1.3785714285714297, "37": 1.3500000000000003, "39": 1.6366666666666667, "40": 1.6909999999999992, "41": 1.6500000000000015, "42": 1.8700000000000008, "43": 1.6975000000000018, "44": 1.3825000000000016, "45": 1.4380000000000006, "46": 1.8380000000000007, "47": 1.764, "48": 1.7716666666666676, "49": 1.823333333333334, "50": 1.6700000000000006, "51": 1.8925000000000007, "52": 1.9640000000000002, "53": 1.8524999999999994, "54": 1.6900000000000024, "55": 1.9610000000000005, "56": 1.9800000000000009, "57": 1.9000000000000012, "58": 1.8628571428571434, "59": 1.925000000000001, "60": 2.060000000000001, "61": 1.9540000000000008, "62": 2.0900000000000007, "63": 2.0628571428571427, "64": 2.0000000000000018, "65": 2.2237500000000003, "66": 2.2900000000000014, "67": 2.1550000000000007, "68": 1.980000000000002, "69": 1.9600000000000004, "70": 2.3500000000000005, "71": 2.3150000000000004, "72": 2.2175, "74": 2.179000000000002, "75": 2.1799999999999997, "76": 2.210000000000001, "77": 2.170000000000001, "78": 2.1650000000000005, "79": 2.3546153846153843, "81": 2.090000000000001, "82": 2.3900000000000006, "84": 2.3200000000000003}, "23": {"18": 0.5333333333333335, "19": 0.4700000000000011, "20": 0.812, "22": 0.6844444444444447, "23": 0.9129411764705887, "24": 0.8422222222222235, "26": 0.9981818181818187, "27": 1.112500000000001, "28": 0.9726315789473694, "29": 1.068333333333334, "30": 1.395000000000001, "31": 1.301428571428572, "32": 1.2262500000000014, "33": 1.187500000000001, "34": 1.0955555555555567, "35": 1.1700000000000006, "36": 1.2675000000000007, "37": 1.7299999999999998, "38": 1.0271428571428585, "39": 3.998333333333336, "40": 1.1262500000000013, "41": 1.1028571428571428, "42": 1.3621428571428584, "43": 1.5450000000000006, "44": 1.2583333333333349, "45": 1.5362500000000003, "46": 1.3533333333333342, "47": 1.3222222222222235, "48": 1.3200000000000014, "49": 1.600000000000001, "50": 1.6650000000000011, "51": 1.4211111111111117, "52": 1.453333333333335, "53": 1.7985714285714292, "54": 1.4971428571428587, "55": 1.5830769230769235, "56": 1.6083333333333332, "57": 1.5293333333333354, "58": 1.5871428571428587, "59": 1.9820000000000002, "60": 1.8814285714285723, "61": 1.9210000000000007, "62": 1.6660000000000004, "63": 1.8491666666666675, "64": 2.0137500000000017, "65": 1.8410000000000004, "66": 1.8091666666666673, "67": 1.8280000000000007, "68": 1.952500000000001, "69": 1.9800000000000013, "70": 1.8062500000000024, "71": 1.9921428571428568, "72": 2.093636363636363, "73": 2.3500000000000005, "74": 1.9911111111111124, "75": 2.0233333333333348, "76": 2.11, "77": 2.3166666666666678, "78": 1.9650000000000005, "79": 1.9984615384615392, "81": 1.9966666666666681}, "25": {"19": 0.5619047619047607, "20": 0.5865384615384611, "21": 0.5833333333333335, "22": 0.6199999999999996, "23": 0.6538461538461537, "24": 0.7690909090909089, "25": 0.7771428571428566, "26": 0.9224999999999988, "27": 1.0079999999999987, "28": 0.9557142857142849, "29": 0.9291666666666665, "30": 0.9645454545454534, "31": 0.9866666666666662, "32": 1.0766666666666662, "33": 1.0219999999999991, "34": 1.003333333333333, "35": 0.9837499999999993, "36": 1.0999999999999999, "37": 1.1574999999999993, "38": 1.2699999999999991, "39": 1.1457142857142848, "40": 1.2337499999999995, "41": 1.2699999999999985, "42": 1.1333333333333322, "43": 1.4519999999999993, "44": 1.3059999999999994, "45": 1.366666666666666, "46": 1.2399999999999993, "47": 1.2512500000000002, "48": 1.3519999999999985, "49": 1.3462499999999997, "51": 1.2871428571428578, "52": 1.4342857142857135, "53": 1.4979999999999993, "54": 1.4939999999999998, "55": 1.3899999999999995, "56": 1.4500000000000004, "57": 1.416666666666666, "58": 1.550000000000002, "59": 1.3300000000000005, "62": 1.3999999999999997, "63": 1.525000000000001, "64": 1.4966666666666666, "65": 1.3949999999999998, "66": 1.435000000000001}, "19": {"30": 1.8533333333333324, "31": 1.674999999999999, "32": 1.8949999999999998, "33": 1.8849999999999991, "34": 1.8550000000000004, "35": 1.9566666666666648, "37": 1.8100000000000005, "38": 2.2699999999999996, "39": 2.078333333333334, "41": 2.3900000000000006, "42": 2.1225000000000005, "43": 2.086666666666666, "44": 2.2999999999999994, "45": 2.2800000000000002, "47": 2.4699999999999998, "48": 2.3925000000000005, "49": 2.4859999999999993, "50": 2.090000000000001, "51": 2.548, "52": 2.6774999999999993, "54": 2.3100000000000014, "55": 2.6699999999999995, "56": 2.5200000000000005, "57": 2.729999999999999, "58": 2.689999999999998, "60": 2.7999999999999994, "62": 2.8899999999999997, "63": 2.770000000000001, "65": 2.8399999999999994, "66": 2.75, "67": 2.810000000000001, "68": 2.6199999999999997, "69": 2.7000000000000006, "70": 2.9200000000000017, "71": 2.9666666666666663, "72": 3.065, "74": 3.0474999999999994, "75": 3.259999999999999, "76": 3.0, "77": 3.399999999999999, "78": 3.375, "79": 3.3520000000000003, "81": 3.300000000000001, "82": 3.2000000000000006}}